{"_step":69,"Val_Metric/recall@10":0.01189643144607544,"Test_Periodic_Metric/recall@5":0.0020993701182305813,"Test_Periodic_Metric/recall@10":0.00769769074395299,"Test_Periodic_Metric/ndcg@5":0.0010927965631708503,"Test_Periodic_Metric/ndcg@10":0.0028427336364984512,"_timestamp":1.7552373952509031e+09,"_runtime":331.987249038,"Val_Metric/ndcg@10":0.005154738202691078,"Val_Metric/recall@5":0.004898530431091785,"Val_Metric/ndcg@5":0.0028853833209723234,"_wandb":{"runtime":331},"Loss/train_loss":5.0033078789711}