{"Test_Periodic_Metric/ndcg@5":0.006863183807581663,"_runtime":464.024672393,"Loss/train_loss":8.656056443850199,"Val_Metric/recall@5":0.00979706086218357,"Test_Periodic_Metric/recall@10":0.01889433152973652,"Val_Metric/ndcg@10":0.006968183908611536,"Val_Metric/recall@10":0.01329601090401411,"_wandb":{"runtime":464},"_timestamp":1.7552381941498957e+09,"_step":50,"Test_Periodic_Metric/ndcg@10":0.009477508254349232,"Test_Periodic_Metric/recall@5":0.011196641251444817,"Val_Metric/ndcg@5":0.005827568005770445}