epoch,step,train/loss_step,val/loss,val/ndcg@10,val/ndcg@5,val/recall@10,val/recall@5
0,99,15.683414459228516,,,,,
0,99,,15.999042510986328,0.008439657278358936,0.007644239347428083,0.012567859143018723,0.009965048171579838
