{"_step":10,"_wandb":{"runtime":39},"Loss/train_loss":60.73835118611654,"_timestamp":1.755241376895037e+09,"_runtime":39.768444628}