{"Val_Metric/ndcg@5":0.004616635385900736,"_wandb":{"runtime":265},"Val_Metric/recall@10":0.01189643144607544,"Loss/train_loss":7.343464295069377,"Val_Metric/ndcg@10":0.005945256445556879,"Val_Metric/recall@5":0.00769769074395299,"_step":55,"Test_Periodic_Metric/recall@10":0.010496851056814194,"Test_Periodic_Metric/ndcg@10":0.004466674290597439,"_runtime":265.551306217,"Test_Periodic_Metric/recall@5":0.004898530431091785,"_timestamp":1.7552367915430224e+09,"Test_Periodic_Metric/ndcg@5":0.0027452479116618633}