{"Val_Metric/ndcg@10":0.010873902589082718,"Test_Periodic_Metric/ndcg@5":0.009724924340844154,"Test_Periodic_Metric/ndcg@10":0.01248451229184866,"_timestamp":1.755242223789016e+09,"_wandb":{"runtime":701},"_runtime":701.356039536,"Val_Metric/ndcg@5":0.008551702834665775,"Test_Periodic_Metric/recall@5":0.013995801098644733,"_step":169,"Test_Periodic_Metric/recall@10":0.022393282502889633,"Val_Metric/recall@10":0.020293911918997765,"Loss/train_loss":10.017645796140036,"Val_Metric/recall@5":0.01329601090401411}