{"Test_Periodic_Metric/ndcg@10":0.012626518495380878,"Val_Metric/ndcg@10":0.011987701989710331,"Val_Metric/recall@5":0.014695591293275356,"Test_Periodic_Metric/recall@5":0.01539538148790598,"Val_Metric/ndcg@5":0.010073574259877205,"_step":390,"_timestamp":1.755240859585268e+09,"Val_Metric/recall@10":0.020293911918997765,"Loss/train_loss":19.42485698064168,"_runtime":2610.536293674,"Test_Periodic_Metric/ndcg@5":0.010835566557943821,"Test_Periodic_Metric/recall@10":0.020993702113628387,"_wandb":{"runtime":2610}}