{"Val_Metric/ndcg@5":0.006044371984899044,"Test_Periodic_Metric/ndcg@10":0.009861349128186703,"Val_Metric/recall@5":0.011196641251444817,"Test_Periodic_Metric/ndcg@5":0.006846586242318153,"Val_Metric/recall@10":0.027291812002658844,"Val_Metric/ndcg@10":0.011251958087086678,"Test_Periodic_Metric/recall@5":0.011196641251444817,"_step":38,"Loss/train_loss":3.366407334804535,"_timestamp":1.7552357455343504e+09,"_wandb":{"runtime":78},"Test_Periodic_Metric/recall@10":0.020293911918997765,"_runtime":78.645212748}