{"_runtime":43.578126152,"_wandb":{"runtime":43},"_step":6,"Loss/train_loss":76.24555778503418,"_timestamp":1.7552641974409785e+09}