{"_runtime":274.818580192,"Val_Metric/recall@10":0.01189643144607544,"Val_Metric/ndcg@5":0.0030947639606893063,"Val_Metric/recall@5":0.004898530431091785,"Test_Periodic_Metric/ndcg@10":0.004809853620827198,"Test_Periodic_Metric/recall@5":0.006298110354691744,"Test_Periodic_Metric/ndcg@5":0.0034753265790641308,"_timestamp":1.755241317101303e+09,"_step":67,"Val_Metric/ndcg@10":0.005266016814857721,"Loss/train_loss":8.146085262298584,"_wandb":{"runtime":274},"Test_Periodic_Metric/recall@10":0.010496851056814194}